MinIO,NumItemsets,Time(s),Memory(MB)
0.5,2,2.3333609104156494,0.6015625
